Mieczysław, Mieszko | Mieczysława, Mieszka
Abel, Achacy, Achacjusz, Aspazja, Bazyli, Grzegorz, Izydor, Jakobina, Jakubina, Makary, Narcyz, Stefania, Strzeżysław, Sylwester, Telesfor | Abla, Achacego, Aspazji, Bazylego, Grzegorza, Izydora, Jakobiny, Jakubiny, Makarego, Narcyza, Stefanii, Strzeżysława, Sylwestra, Telesfora
Danuta, Piotr, Genowefa | Danuty, Piotra, Genowefy
Angelika, Aniela, Dobromir, Eugeniusz, Grzegorz, Izabela | Angeliki, Anieli, Dobromira, Eugeniusza, Grzegorza
Edward, Emilian, Hania, Szymon | Edwarda, Emiliana, Hanny, Szymona
Andrzej, Bolemir, Kacper, Kasper, Melchior, Baltazar | Andrzeja, Bolemira, Kacpra, Kaspra, Melchiora, Baltazara
Julian Łucjan | Juliana Łucjana
Mścisław, Seweryn | Mścisława, Seweryna
Antoni, Borzymir, Julian, Julianna | Antoniego, Borzymira, Juliana, Juliany
Dobrosław, Jan, Paweł Wilhelm | Dobrosława, Jana, Pawła, Wilhelma
Feliks, Krzesimir, Matylda | Feliksa, Krzesimira, Matyldy
Antoni, Arkadiusz, Benedykt, Czesław, Czesława, Ernest | Antoniego, Antoniusza, Arkadiusza, Benedykta, Czesławy, Ernesta
Bogumił Bogusława, Weronika | Bogumiła, Bogusławy, Weroniki
Feliks, Radogost | Feliksa, Radogosta
Aleksander, Dąbrówka, Dobrawa, Domasław, Paweł | Aleksandra, Dąbrówki, Dobrawy, Domasława, Pawła
Marcel, Włodzimierz, Kevin | Marcela, Marcelego, Włodzimierza, Kevina
Antoni, Jan, Rościsław | Antoniego, Jana, Rościsława
Bogumił Jaropełk, Krystyna, Małgorzata, Piotr | Bogumiła, Jaropełka, Krystyny, Małgorzaty, Piotra
Andrzej, Bernard, Erwin, Henryk, Mariusz, Marta, Racimir, Sara | Andrzeja, Bernarda, Erwina, Henryka, Mariusza, Marty, Racimira, Sary
Dobiegniew, Fabian, Sebastian | Dobiegniewa, Fabiana, Sebastiana
Agnieszka, Jarosław, Jarosława | Agnieszki, Jarosława, Jarosławy
Anastazy, Dobromysł Dorian, Marta, Wincenta | Anastazji, Dobromysła, Doriana, Marty, Wincenty
Jan, Maria | Jana, Marii
Felicja, Mirogniew, Rafaela, Rafał Tymoteusz | Felicji, Mirogniewa, Rafaeli, Rafała, Tymoteusza
Miłosz, Miłowan, Miłowit, Paweł Tatiana | Miłosza, Miłowana, Miłowita, Pawła, Tatiany
Paula, Paulina, Wanda | Pauli, Pauliny, Wandy
Angelika, Ilona, Julian | Angeliki, Ilony, Juliana
Agnieszka, Augustyn, Julian, Karol, Piotr, Radomir | Agnieszki, Augustyna, Juliana, Karola, Piotra, Radomira
Hanna, Walerian, Zdzisław | Hanny, Waleriana, Zdzisława
Feliks, Gerard, Maciej, Marcin, Martyna, Sebastian | Feliksa, Gerarda, Macieja, Marcina, Martyny, Sebastiana
Euzebiusz, Jan, Piotr | Euzebiusza, Jana, Piotra
Dobrochna, Ignacy, Paweł Siemirad Żegota | Dobrochny, Ignacego, Pawła, Siemirada Żegoty
Joanna, Korneliusz, Maria, Miłosław, Miłosława | Joanny, Korneliusza, Marii, Miłosławy
Błażej, Maksym, Oskar, Stefan, Telimena | Błażeja, Maksyma, Oskara, Stefana, Telimeny
Andrzej, Gilbert, Jan, Joanna, Józef, Weronika, Witosława | Andrzeja, Gilberta, Jana, Joanny, Józefa, Weroniki, Witosławy
Aga, Agata, Jakub, Jan, Paweł Piotr | Agi, Agaty, Jakuba, Jana, Pawła, Piotra
Antoni, Bogdan, Bohdan, Dorota, Ksenia, Szymon | Antoniego, Bogdana, Bohdana, Doroty, Ksenii, Szymona
Alfons, Parteniusz, Partenia, Romeusz, Romuald, Rozalia, Ryszard, Sulisław | Alfonsa, Parteniusza, Partenii, Romeusza, Romualda, Rozalii, Ryszarda, Sulisława
Gniewomir, Jan, Paweł Piotr, Sebastian | Gniewomira, Jana, Pawła, Piotra, Sebastiana
Bernard, Eryk, Eryka | Bernarda, Eryki
Gabriel, Jacenty, Elwira | Gabriela, Jacek, Jacka, Jacentego, Elwiry
Lucjan, Maria, Olgierd Świętomira | Łucjana, Lucjana, Lucjusza, Marii, Olgierda Świętomiry
Julian, Laurenty, Nora | Juliana, Laurentego, Nory
Grzegorz, Jordan, Katarzyna, Toligniew | Grzegorza, Jordana, Katarzyny, Toligniewa
Dobiesława, Józef, Konrad, Krystyna, Lilian, Liliana, Mikołaj, Niemir, Niemira, Zenon, Cyryl | Dobiesławy, Józefa, Konrada, Krystyny, Liliana, Liliany, Mikołaja, Niemiry, Zenona, Cyryla
Georgina, Jordan, Jowita, Józef, Klaudiusz | Georginy, Jordana, Jowity, Józefa, Klaudiusza
Bernard, Dan, Danuta, Julianna | Bernarda, Dana, Danuty, Julianny
Donat, Franciszek, Julian, Konstanty Łukasz, Niegomir, Zbigniew | Donata, Donaty, Franciszka, Juliana, Konstantego Łukasza, Niegomira, Zbigniewa, Zbyszko, Zbyszka
Albert, Alberta, Krystiana, Więcesława, Zuzanna | Alberty, Krystiany, Więcesławy, Zuzanny
Arnold, Henryk, Konrad | Arnolda, Henryka, Konrada
Leon, Ludmiła, Ludomiła | Leona, Ludmiły, Ludomiły
Eleonora, Feliks, Teodor | Eleonory, Feliksa, Teodora
Marta, Małgorzata, Piotr, Wiktor | Marty, Małgorzaty, Piotra, Wiktora
Bądzimir, Damian, Piotr, Roma, Seweryn | Bądzimira, Damiana, Piotra, Romy, Seweryna
Bogurad, Bogusz, Boguta, Maciej, Piotr | Bogurada, Bogusza, Boguty, Macieja, Piotra
Bolebor, Cezary, Maciej, Małgorzata | Bolebora, Cezarego, Macieja, Małgorzaty
Aleksander, Bogumił Cezariusz, Mirosław, Ewelina | Aleksandra, Bogumiła, Cezariusza, Mirosława, Eweliny
Aleksander, Anastazja, Gabriel, Gabriela, Sierosława | Aleksandra, Anastazji, Gabrieli, Sierosławy
Józef, Roman, Lech | Józefa, Romana, Lecha
Dobronieg, Roman | Dobroniega, Romana
Albin, Antoni, Antonina, Amelia, Feliks, Herakles, Joanna, Józef, Piotr | Albina, Antoniego, Antoniny, Amelii, Feliksa, Heraklesa, Joanny, Józefa, Piotra
Franciszek, Helena, Henryk, Krzysztof, Michał Paweł Piotr, Radosław | Franciszka, Heleny, Henryka, Krzysztofa, Michała, Pawła, Piotra, Radosława
Hieronim, Maryna | Hieronima, Maryny
Adrian, Adrianna, Arkadiusz, Eugeniusz, Kazimierz, Lucja | Adriana, Adrianny, Arkadiusza, Eugeniusza, Kazimierza, Lucji
Adrian, Adrianna, Fryderyk, Jan, Wacław, Wacława | Adriana, Adrianny, Fryderyka, Jana, Wacława, Wacławy
Eugenia, Jordan, Klaudian, Róża, Wiktor, Wojsław | Eugenii, Jordana, Klaudiana, Róży, Wiktora, Wojsława
Felicja, Paweł Tomasz | Felicji, Pawła, Tomasza
Beata, Jan, Julian, Miligost, Stefan | Beaty, Jana, Juliana, Miłogost, Miligosta, Miłogosta, Stefana
Dominik, Franciszka, Katarzyna | Dominika, Franciszki, Katarzyny
Aleksander, Borzysław, Cyprian | Aleksandra, Borzysława, Cypriana
Benedykt, Drogosława, Edwin, Konstantyn, Rozyna | Benedykta, Drogosławy, Edwina, Konstantyna, Rozyny
Bernard, Blizbor, Grzegorz, Józefina | Bernarda, Blizbora, Grzegorza, Józefiny
Bożena, Ernest, Kasjan, Krystyna, Marek | Bożeny, Ernesta, Kasjana, Krystyny, Marka
Bożeciecha, Jakub, Leon, Matylda, Michał | Bożeciechy, Jakuba, Leona, Matyldy, Michała
Gościmir, Klemens, Krzysztof, Ludwika | Gościmira, Klemensa, Krzysztofa, Ludwiki
Henryka, Herbert, Izabela | Henryki, Herberta, Izabeli
Gertruda, Jan, Patryk, Zbigniew | Gertrudy, Jana, Patryka, Zbigniewa, Zbyszko, Zbyszka
Aleksander, Boguchwał Cyryl, Edward | Aleksandra, Boguchwała, Cyryla, Edwarda
Bogdan, Józef | Bogdana, Józefa
Aleksander, Bogusław, Klaudia | Aleksandra, Bogusława, Klaudii
Benedykt, Lubomira, Mikołaj | Benedykta, Lubomiry, Mikołaja
Bogusław, Katarzyna, Kazimierz, Paweł | Bogusława, Katarzyny, Kazimierza, Pawła
Feliks, Katarzyna, Piotr | Feliksa, Katarzyny, Piotra
Gabriel, Marek, Szymon | Gabriela, Marka, Szymona
Ireneusz Łucja, Lutomysł Maria, Wieńczysław | Ireneusza Łucji, Lucja, Lucji, Lutomysła, Marii, Wieńczysława
Emanuel, Feliks, Manuela, Teodor | Emanuela, Feliksa, Manueli, Teodora
Benedykt, Ernest, Jan, Lidia, Rupert | Benedykta, Ernesta, Jana, Lidii, Ruperta
Aniela, Antoni, Jan | Anieli, Antoniego, Jana
Cyryl | Cyryla
Amelia, Aniela, Częstobor, Jan | Amelii, Anieli, Częstobora, Jana
Beniamin, Dobromira, Kornelia | Beniamina, Dobromiry, Kornelii
Grażyna, Katarzyna, Teodora, Tolisław, Zbigniew | Grażyny, Katarzyny, Teodory, Tolisława, Zbigniewa, Zbyszko, Zbyszka
Franciszek, Sądomir, Władysław, Władysława | Franciszka, Sądomira, Władysława, Władysławy
Antoni, Cieszygor, Jakub, Ryszard | Antoniego, Cieszygora, Jakuba, Ryszarda
Benedykt, Izydor, Wacław, Wacława | Benedykta, Izydora, Wacława, Wacławy
Borzywoj, Irena, Wincenty, Jam | Borzywoja, Ireny, Wincentego, Jama
Ada, Adam, Ireneusz, Katarzyna Świętobor | Ady, Adama, Ireneusza, Katarzyny Świętobora
Donata, Przecław | Donaty, Przecława
Cezary, Radosław, Sieciesława | Cezarego, Radosława, Sieciesławy
Dobrosława, Dymitr, Maja | Dobrosławy, Demetriusza, Dymitra, Mai
Antoni, Daniel, Henryk, Małgorzata, Michał | Antoniego, Daniela, Henryka, Małgorzaty, Michała
Filip, Jaromir, Leon, Marek | Filipa, Jaromira, Leona, Marka
Andrzej, Iwan, Juliusz, Siemiodrog, Wiktor, Zenon | Andrzeja, Iwana, Juliusza, Siemiodroga, Wiktora, Zenona
Jan, Justyn, Małgorzata, Marcin, Przemysł Przemysław | Jana, Justyna, Małgorzaty, Marcina, Przemysła, Przemysława
Julianna, Justyn, Maria, Myślimir | Julianny, Justyna, Marii, Myślimira
Anastazja, Leonid, Wacław, Wacława | Anastazji, Leonida, Wacława, Wacławy
Erwin, Julia, Ksenia, Nikita, Nosisław | Erwina, Julii, Ksenii, Nikity, Nosisława
Jakub, Józef, Klara, Radociech, Robert, Rudolf, Stefan | Jakuba, Józefa, Klary, Radociecha, Roberta, Rudolfa, Stefana
Bogusław, Bogusława, Gościsław | Bogusława, Bogusławy, Gościsława
Cieszyrad, Czechasz, Czesław, Leon, Tymon, Werner, Włodzimierz | Cieszyrada, Czechasza, Czesława, Leona, Tymona, Wernera, Włodzimierza
Agnieszka, Czechoń Czesław, Nawoj, Szymon, Teodor | Agnieszki, Czechonia, Czesława, Nawoja, Szymona, Teodora
Bartosz, Drogomił Feliks, Konrad | Bartosza, Drogomiła, Feliksa, Konrada
Kajus, Kaja Łukasz, Teodor | Kajusa, Kai Łukasza, Teodora
Gerard, Helena, Jerzy, Wojciech | Gerarda, Heleny, Jerzego, Wojciecha
Aleksander, Erwin, Grzegorz | Aleksandra, Erwina, Grzegorza
Jarosław, Marek | Jarosława, Marka
Maria, Marzena, Spycimir | Marii, Marzeny, Spycimira
Andrzej, Bożebor, Martyn, Piotr, Zyta | Andrzeja, Bożebora, Martyna, Piotra, Zyty
Maria, Paweł | Marii, Pawła
Angelina, Augustyn, Bogusław, Piotr, Robert | Angeliny, Augustyna, Bogusława, Piotra, Roberta
Bartłomiej, Jakub, Katarzyna, Marian | Bartłomieja, Jakuba, Katarzyny, Mariana
Aniela, Filip, Jakub, Józef, Lubomir, Maja | Anieli, Filipa, Jakuba, Józefa, Lubomira, Mai
Walter, Witomir, Zygmunt, Wouter | Waltera, Witomira, Zygmunta, Woutera
Aleksander, Antonina, Maria, Mariola Świętosława | Aleksandra, Antoniny, Marii, Marioli Świętosławy
Grzegorz, Michał Monika | Grzegorza, Michała, Moniki
Irena, Teodor, Waldemar | Ireny, Teodora, Waldemara
Gościwit, Jan, Judyta | Gościwita, Jana, Judyty
Benedykt, Bogumir, Ludmiła, Ludomiła | Benedykta, Bogumira, Ludmiły, Ludomiły
Marek, Michał Piotr, Stanisław | Marka, Michała, Piotra, Stanisława
Bożydar, Grzegorz, Karolina, Mikołaj | Bożydara, Grzegorza, Karoliny, Mikołaja
Częstomir, Jan | Częstomira, Jana
Filip, Franciszek, Iga, Ignacy, Lew, Lutogniew, Mira Żegota | Filipa, Franciszka, Igi, Ignacego, Lwa, Lutogniewa, Miry Żegoty
Dominik, Jan, Joanna, Wszemił Pankracy | Dominika, Jana, Joanny, Wszemiła, Pankracego
Andrzej, Ciechosław, Gloria, Magdalena, Piotr, Robert | Andrzeja, Ciechosława, Glorii, Magdaleny, Piotra, Roberta
Dobiesław, Wiktor, Maciej | Dobiesława, Wiktora, Macieja
Jan, Zofia | Jana, Zofii
Andrzej, Jędrzej, Szymon, Wieńczysław | Andrzeja, Jędrzeja, Szymona, Wieńczysława
Bruno, Sławomir, Weronika, Wiktor | Bruna, Sławomira, Weroniki, Wiktora
Aleksander, Aleksandra, Alicja, Edwin, Eryk, Eryka, Feliks, Irena, Myślibor | Aleksandra, Aleksandry, Alicji, Edwina, Eryka, Eryki, Feliksa, Ireny, Myślibora
Augustyn, Celestyn, Mikołaj, Pękosław, Piotr, Timur | Augustyna, Celestyna, Mikołaja, Pękosława, Piotra, Timura
Bronimir, Teodor, Wiktoria | Bronimira, Teodora, Wiktorii
Donata, Jan, Tymoteusz, Wiktor | Donaty, Jana, Tymoteusza, Wiktora
Emil, Helena, Jan, Julia, Ryta, Wiesław, Wiesława, Wisława | Emila, Heleny, Jana, Julii, Ryty, Wiesława, Wiesławy, Wisławy
Budziwoj, Emilia, Iwona, Jan, Michał | Budziwoja, Emilii, Iwony, Jana, Michała
Cieszysława, Jan, Joanna, Maria, Zula, Zuzanna | Cieszysławy, Jana, Joanny, Marii, Zuli, Zuzanny
Grzegorz, Imisława, Maria, Magdalena | Grzegorza, Imisławy, Marii, Magdaleny
Filip, Marianna, Paulina, Ewelina, Więcemił | Filipa, Marianny, Pauliny, Eweliny, Więcemiła
Jan, Juliusz, Lucjan, Magdalena, Radowit | Jana, Juliusza, Lucjana, Magdaleny, Radowita
Augustyn, Jaromir, Wiktor, Wrocimir | Augustyna, Jaromira, Wiktora, Wrocimira
Bogusława, Maksymilian, Maria, Magdalena, Teodor, Urszula | Bogusławy, Maksymiliana, Marii, Magdaleny, Teodora, Urszuli
Feliks, Joanna | Feliksa, Joanny
Aniela, Bożysława, Teodor | Anieli, Bożysławy, Teodora
Bernard, Jakub, Konrad, Magdalena, Nikodem, Symeon Świętopełk | Bernarda, Jakuba, Konrada, Magdaleny, Nikodema, Symeona Świętopełka
Eugeniusz, Maria, Marianna, Mikołaj, Piotr, Racisław | Eugeniusza, Marii, Marianny, Mikołaja, Piotra, Racisława
Konstantyn, Leszek, Paula, Tamara | Konstantyna, Leszka, Pauli, Tamary
Franciszek, Gościmił Karol | Franciszka, Gościmiła, Karola
Dobrociech, Dobromir, Dobrymir | Dobrociecha, Dobromira, Dobrymira
Dominika, Norbert, Paulina, Więcerad | Dominiki, Norberta, Pauliny, Więcerada
Antoni, Ciechomir, Jarosław, Paweł Robert, Wiesław, Wisław | Antoniego, Ciechomira, Jarosława, Pawła, Roberta, Wiesława, Wisława
Maksym, Seweryn, Wyszesław | Maksyma, Seweryna, Wyszesława
Felicjan | Felicjana
Bogumił Edgar, Małgorzata | Bogumiła, Edgara, Małgorzaty
Feliks, Radomił | Feliksa, Radomiła
Antonina, Jan, Leon, Wyszemir | Antoniny, Jana, Leona, Wyszemira
Antoni, Chociemir, Lucjan, Maria, Magdalena, Tobiasz | Antoniego, Chociemira, Lucjana, Marii, Magdaleny, Tobiasza
Eliza, Justyn, Justyna, Ninogniew | Elizy, Justyna, Justyny, Ninogniewa
Angelina, Jolanta, Witold, Witolda, Witosław | Angeliny, Jolanty, Witolda, Witołd, Witołda, Witoldy, Witosława
Alina, Aneta, Budzimir, Jan, Justyna | Aliny, Anety, Budzimira, Jana, Justyny
Agnieszka, Drogomysł Franciszek, Laura, Marcjan, Radomił | Agnieszki, Drogomysła, Franciszka, Laury, Marcjana, Radomiła
Elżbieta, Marek, Marina, Paula | Elżbiety, Marka, Mariny, Pauli
Julianna | Julianny
Bogna, Bogumiła, Bożena, Franciszek, Michał Rafaela, Rafał | Bogny, Bogumiły, Bożeny, Franciszka, Michała, Rafaely, Rafała
Alicja, Domamir, Marta, Teodor | Alicji, Domamira, Marty, Teodora
Broniwoj, Paulina | Broniwoja, Pauliny
Józef, Piotr, Wanda, Zenon | Józefa, Piotra, Wandy, Zenona
Dan, Danisz, Danuta, Emilia, Jan | Dana, Danisza, Danuty, Emilii, Jana
Lucja, Tolisława | Lucji Łucja Łucji, Tolisławy
Jan, Paweł | Jana, Pawła
Maria, Magdalena, Władysław, Władysława | Marii, Magdaleny, Władysławy
Ireneusz, Józef, Leon, Paweł | Ireneusza, Józefa, Leona, Pawła
Dalebor, Paweł Piotr | Dalebora, Pawła, Piotra
Ciechosława, Emilia, Lucyna | Ciechosławy, Emilii, Lucyny
Halina, Marian | Haliny, Mariana
Maria, Piotr, Jagoda | Marii, Piotra, Jagody
Jacek, Leon, Miłosław | Jacka, Leona, Miłosława
Elżbieta, Józef, Julian, Teodor, Wielisław | Elżbiety, Józefa, Juliana, Teodora, Wielisława
Antoni, Bartłomiej, Jakub, Karolina, Michał | Antoniego, Bartłomieja, Jakuba, Karoliny, Michała
Chociebor, Dominik, Dominika, Lucja, Niegosław | Chociebora, Dominiki Łucja Łucji, Lucji, Niegosława
Antoni, Kira, Piotr, Benedykt, Cyryl | Antoniego, Kiry, Piotra, Benedykta, Cyryla
Adrian, Adrianna, Chwalimir, Edgar, Elżbieta, Eugeniusz | Adriana, Adrianny, Chwalimira, Edgara, Elżbiety, Eugeniusza
Lucja, Mikołaj, Weronika, Zenon | Łucja Łucji, Lucji, Mikołaja, Weroniki, Zenona
Aleksander, Amelia, Aniela, Filip | Aleksandra, Amelii, Anieli, Filipa
Cyprian, Kalina, Olga | Cypriana, Kaliny, Olgi
Andrzej, Euzebiusz, Feliks, Henryk, Paweł Piotr, Tolimir, Weronika | Andrzeja, Euzebiusza, Feliksa, Henryka, Pawła, Piotra, Tolimira, Weroniki
Ernest, Eugeniusz, Jakub, Justyna, Małgorzata, Radomiła, Sara | Ernesta, Eugeniusza, Jakuba, Justyny, Małgorzaty, Radomiły, Sary
Damian, Dobrogost, Franciszek, Izabela, Marcelina | Damiana, Dobrogosta, Franciszka, Izabeli, Marceliny
Daniel, Dawid, Henryk, Iga, Ignacy, Lubomysł Niecisław, Włodzimierz Żegota | Daniela, Dawida, Henryka, Igi, Ignaciego, Lubomysła, Niecisława, Włodzimierza Żegoty
Andrzej, Maria, Magdalena, Marika, Stefan | Andrzeja, Marii, Magdaleny, Mariki, Stefana
Aleksander, Andrzej, Bogdan, Marcelina, Maria, Magdalena, Aneta | Aleksandra, Andrzeja, Bogdana, Marceliny, Marii, Magdaleny, Anety
Erwin, Kamil, Karolina, Robert, Szymon, Unisław | Erwina, Kamili, Karoliny, Roberta, Szymona, Unisława
Lutobor, Wincenty | Lutobora, Wincentego
Czechoń Czesław, Małgorzata, Paweł | Czechonia, Czesława, Małgorzaty, Pawła
Andrzej, Daniel, Paulina, Stojsław, Wiktor | Andrzeja, Daniela, Pauliny, Stojsława, Wiktora
Bolesława, Bolisława, Maria, Magdalena, Milenia, Więcemiła | Bolesławy, Bolisławy, Marii, Magdaleny, Milenii, Więcemiły
Bogna Żelisław | Bogny Żelisława
Antoni, Kinga, Krystyna, Olga, Wojciecha | Antoniego, Kingi, Krystyny, Olgi, Wojciechy
Jakub, Krzysztof, Sławosz, Walentyna | Jakuba, Krzysztofa, Sławosza, Walentyny
Anna, Baldev, Grażyna, Mirosława | Anny, Baldeva, Grażyny, Mirosławy
Julia, Marta, Natalia, Wszebor | Julii, Marty, Natalii, Wszebora
Marcela Świętomir, Wiktor | Marceli Świętomira, Wiktora
Konstantyn, Maria, Marta | Konstantyna, Marii, Marty
Julia, Julita, Ludmiła, Maryna | Julii, Julity, Ludmiły, Maryny
Emilian, Helena, Iga, Ignacy, Ludomir | Emiliana, Heleny, Igi, Ignacego, Ludomira
Konrad, Piotr | Konrada, Piotra
Borzysława, Karina, Maria, Stefan | Borzysławy, Kariny, Marii, Stefana
Augusta, Lidia, Nikodem, Szczepan | Augusty, Lidii, Nikodema, Szczepana
Dominik, Maria, Mironieg | Dominika, Marii, Mironiega
Emil, Maria, Stanisława | Emila, Marii, Stanisławy
Jakub, Sława, Stefan, Wincenty | Jakuba, Sławy, Stefana, Wincentego
Anna, Dobiemir, Donata, Dorota, Kajetan | Anny, Dobiemira, Donaty, Doroty, Kajetana
Cyprian, Cyryl, Emil, Emilian, Emiliusz | Cypriana, Cyryla, Emila, Emiliana, Emiliusza
Jan, Klarysa, Miłorad, Roman | Jana, Klarysy, Miłorada, Romana
Bogdan, Borys | Bogdana, Borysa
Aleksander, Włodzimierz, Włodziwoj, Zula, Zuzanna | Aleksandra, Włodzimierza, Włodziwoja, Zuli, Zuzanny
Klara, Lech, Piotr | Klary, Lecha, Piotra
Diana, Helena, Jan, Kasjan, Radomiła, Wojbor | Diany, Heleny, Jana, Kasjana, Radomiły, Wojbora
Dobrowoj, Euzebiusz | Dobrowoja, Euzebiusza
Maria, Stefan | Marii, Stefana
Domarad, Domarat, Joachim | Domarada, Domarata, Joachima
Anastazja, Angelika, Anita, Eliza, Jacek, Jaczewoj, Joanna, Julianna, Miron Żanna | Anastazji, Angeliki, Anity, Elizy, Jacka, Jaczewoja, Joanny, Julianny, Mirona Żanny
Bogusława, Bronisław, Bronisz, Helena, Ilona, Klara | Bogusławy, Bronisława, Bronisza, Heleny, Ilony, Klary
Bolesław, Emilia, Jan, Julian, Juliusz, Piotr | Bolesława, Emilii, Jana, Juliana, Juliusza, Piotra
Jan, Samuel, Samuela, Sieciech, Sobiesław Świeciech | Jana, Samueli, Sieciecha, Sobiesława Świeciecha
Emilian, Filipina, Franciszek, Joanna, Kazimiera, Męcimir | Emiliana, Filipiny, Franciszka, Joanny, Kazimiery, Męcimira
Cezary, Dalegor, Maria, Namysław, Tymoteusz, Zygfryd | Cezarego, Dalegora, Marii, Namysława, Tymoteusza, Zygfryda
Filip, Laurenty | Filipa, Laurentego
Bartłomiej, Cieszymir, Jerzy, Joanna, Malina, Michalina | Bartłomieja, Cieszymira, Jerzego, Joanny, Maliny, Michaliny
Grzegorz, Luiza, Michał Sieciesław | Grzegorza, Luizy, Michała, Sieciesława
Dobroniega, Joanna, Konstanty, Maksym, Maria | Dobroniegi, Joanny, Konstantego, Maksyma, Marii
Cezary, Józef, Monika, Małgorzata, Teodor | Cezarego, Józefa, Moniki, Małgorzaty, Teodora
Adelina, Aleksander, Aleksy, Augustyn, Patrycja, Sobiesław, Stronisław | Adeliny, Aleksandra, Aleksego, Augustyna, Patrycji, Sobiesława, Stronisława
Gita, Jan, Racibor, Sabina | Gity, Jana, Racibora, Sabiny
Częstowoj, Miron, Rebeka, Róża, Szczęsna, Szczęsny | Częstowoja, Mirona, Rebeki, Róży, Szczęsnego
Bohdan, Paulina, Rajmund Świętosław | Bohdana, Pauliny, Rajmunda Świętosława
Bronisław, Bronisława, Bronisz | Bronisławy, Bronisza
Bohdan, Czesław, Eliza, Henryk, Julian, Stefan, Tobiasz, Witomysł | Bohdana, Czesława, Elizy, Henryka, Juliana, Stefana, Tobiasza, Witomysła
Antoni, Bartłomiej, Bronisław, Bronisz, Izabela, Jan, Joachim, Mojmir, Szymon, Wincenty, Zenon | Antoniego, Bartłomieja, Bronisława, Bronisza, Izabeli, Jana, Joachima, Mojmira, Szymona, Wincentego, Zenona
Ida, Lilianna, Rościgniew, Róża, Rozalia | Idy, Lilianny, Rościgniewa, Róży, Rozalii
Dorota, Justyna, Stronisława, Wawrzyniec | Doroty, Justyny, Stronisławy, Wawrzyńca
Albin, Beata, Eugenia, Eugeniusz, Michał Uniewit | Albina, Beaty, Eugenii, Eugeniusza, Michała, Uniewita
Domasława, Domisława, Marek, Regina, Rena, Ryszard | Domasławy, Domisławy, Marka, Reginy, Reny, Ryszarda
Adrian, Adrianna, Maria, Radosław, Radosława, Klementyna | Adriana, Adrianny, Marii, Radosławy, Klementyny
Augustyna, Aureliusz, Piotr Ścibor Ścibora, Sergiusz, Sobiesąd | Augustyny, Aureliusza, Piotra Ścibory, Sergiusza, Sobiesąda
Aldona Łukasz, Mikołaj, Mścibor | Aldony Łukasza, Mikołaja, Mścibora
Feliks, Jacek, Jan, Naczesław | Feliksa, Jacka, Jana, Naczesława
Amadeusz, Maria, Piotr, Sylwin | Amadeusza, Marii, Piotra, Sylwina
Aleksander, Eugenia, Filip, Lubor, Morzysław, Szeliga | Aleksandra, Eugenii, Filipa, Lubora, Morzysława, Szeligi
Bernard, Cyprian, Roksana, Siemomysł Szymon | Bernarda, Cypriana, Roksany, Siemomysła, Szymona
Maria, Nikodem | Marii, Nikodema
Cyprian, Edyta, Eugenia, Franciszek, Kamila, Kornel, Lucja, Wiktor | Cypriana, Edytu, Eugenii, Franciszka, Kamili, Kornela Łucja, Lucji Łucji, Wiktora
Drogosław, Franciszek, Justyn, Justyna, Teodora | Drogosława, Franciszka, Justyny, Teodory
Dobrowit, Irena, Józef, Stefania | Dobrowita, Ireny, Józefa, Stefanii
Konstancja, Teodor, Więcemir | Konstancji, Teodora, Więcemira
Agnieszka, Barbara, Dionizy, Eustachiusz, Eustachy, Fausta, Faustyna, Filipina, Irena, Klemens, Mieczysława, Miłowuj, Oleg, Perpetua, Protazy | Agnieszki, Barbary, Dionizego, Eustachiusza, Eustachego, Fausty, Faustyny, Filipiny, Ireny, Klemensa, Mieczysławy, Miłowuja, Olega, Perpetui, Protazego
Bożeciech, Bożydar, Jonasz, Laurenty, Mateusz, Mira | Bożeciecha, Bożydara, Jonasza, Laurentego, Mateusza, Miry
Joachim, Maurycy, Prosimir, Scott, Tomasz | Joachima, Maurycego, Prosimira, Scotta, Tomasza
Boguchwała, Bogusław, Elżbieta, Krzysztof, Libert, Litoriusz, Liwiusz, Piotr, Tekla, Zachariusz | Boguchwały, Bogusława, Elżbiety, Krzysztofa, Liberta, Litoriusza, Liwiusza, Piotra, Tekli, Zachariusza
Gerard, Maria, Teodor, Tomir, Uniegost | Gerarda, Marii, Teodora, Tomira, Uniegosta
Aurelia, Franciszek, Kamil Ładysław, Piotr Świętopełk, Wincenty, Władysław, Władysława | Aurelii, Franciszka, Kamila Ładysława, Piotra Świętopełka, Wincentego, Władysławy
Cyprian, Euzebiusz, Justyna Łękomir | Cypriana, Euzebiusza, Justyny Łękomira
Amadeusz, Damian | Amadeusza, Damiana
Jan, Luba, Lubosza, Marek, Nikita, Sylwin, Wacław, Wacława, Więcesław | Jana, Luby, Luboszy, Marka, Nikity, Sylwina, Wacławy, Więcesława
Michał Rafał Gabriel | Michała, Rafała, Gabriela
Grzegorz, Hieronim, Honoriusz, Imisław, Rachela, Wera, Wiera, Wiktor, Zofia | Grzegorza, Hieronima, Honoriusza, Imisława, Racheli, Wery, Wiery, Wiktora, Zofii
Danuta, Remigiusz, Cieszysław, Dan, Danisz, Danuta, Igor, Jan, Remigiusz | Danuty, Remigiusza, Cieszysława, Dana, Danisza, Danuty, Igora, Jana, Remigiusza
Stanimir, Teofil | Stanimira, Teofila
Gerard, Józefa, Sierosław, Teresa | Gerarda, Józefy, Sierosława, Teresy
Edwin, Franciszek, Konrad, Rozalia | Edwina, Franciszka, Konrada, Rozalii
Częstogniew, Donata, Igor, Justyn, Konstancjusz | Częstogniewa, Donaty, Igora, Justyna, Konstancjusza
Artur, Bronisław, Bronisz, Emil, Roman | Artura, Bronisława, Bronisza, Emila, Romana
Justyna, Marek, Maria, Rościsława, Stefan, Mirella | Justyny, Marka, Marii, Rościsławy, Stefana, Mirelli
Bryda, Brygida, Laurencja, Marcin, Wojsława | Brydy, Brygidy, Laurencji, Marcina, Wojsławy
Bogdan, Jan, Ludwik | Bogdana, Jana, Ludwika
Franciszek, Lutomir, Tomił | Franciszka, Lutomira, Tomiła
Aldona, Dobromiła, Emil, Emilian, Emiliusz, Maria, Marian | Aldony, Dobromiły, Emila, Emiliana, Emiliusza, Marii, Mariana
Maksymilian, Witold | Maksymiliana, Witolda
Daniel, Edward, Mikołaj, Siemisław | Daniela, Edwarda, Mikołaja, Siemisława
Alan, Bernard, Dominik | Alana, Bernarda, Dominika
Jadwiga, Teresa | Jadwigi, Teresy
Aurelia, Gerard, Grzegorz | Aurelii, Gerarda, Grzegorza
Lucyna, Małgorzata, Marian, Wiktor | Lucyny, Małgorzaty, Mariana, Wiktora
Julian Łukasz | Juliana Łukasza
Ferdynand, Piotr, Siemowit, Skarbimir, Ziemowit | Ferdynanda, Piotra, Siemowita, Skarbimira, Ziemowita
Irena, Urszula | Ireny, Urszuli
Bernard, Celina, Dobromił Elżbieta | Bernarda, Celiny, Dobromiła, Elżbiety
Filip, Halka | Filipa, Halki
Iga, Ignacy, Jan, Marlena, Roman, Seweryn, Teodor, Włościsław Żegota | Igi, Ignacego, Jana, Marleny, Romana, Seweryna, Teodora, Włościsława Żegoty
Antoni, Boleczest, Filip, Marcin, Rafaela, Rafał | Antoniego, Boleczesta, Filipa, Marcina, Rafaeli, Rafała
Daria, Kryspin, Sambor, Taras | Darii, Kryspina, Sambora, Tarasa
Dymitriusz Łucjan, Lucyna, Ludmiła, Lutosław | Dymitriusza Łucjana, Lucyny, Ludmiły, Lutosława
Iwona, Sabina, Wincenty | Iwony, Sabiny, Wincentego
Szymon, Tadeusz, Wszeciech | Szymona, Tadeusza, Wszeciecha
Euzebia, Franciszek, Lubogost, Teodor, Wioletta | Euzebii, Franciszka, Lubogosta, Teodora, Wioletty
Edmund, Klaudiusz, Przemysław, Sądosław | Edmunda, Klaudiusza, Przemysława, Sądosława
Antoni, Antonina, Godzimir, Lucylla Łukasz, Dezemir | Antoniego, Antoniny, Godzimira, Lucylli Łukasza, Dezemira
Andrzej, Seweryn, Warcisław, Wiktoryna | Andrzeja, Seweryna, Warcisława, Wiktoryny
Bohdana, Bożydar, Małgorzata, Stojmir, Tobiasz | Bohdany, Bożydara, Małgorzaty, Stojmira, Tobiasza
Bogumił Cezary, Chwalisław, Hubert, Sylwia | Bogumiła, Cezarego, Chwalisława, Huberta, Sylwii
Mściwój, Olgierd, Karol | Mściwója, Olgierda, Karola
Dalemir, Elżbieta, Florian, Sławomir | Dalemira, Elżbiety, Floriana, Sławomira
Feliks, Leonard, Trzebowit, Ziemowit | Feliksa, Leonarda, Trzebowita, Ziemowita
Antoni, Florentyn, Przemił | Antoniego, Florentyna, Przemiła
Dymitr, Klaudiusz, Seweryn, Wiktor | Dymitra, Klaudiusza, Seweryna, Wiktora
Bogudar, Genowefa, Teodor, Ursyn | Bogudara, Genowefy, Teodora, Ursyna
Andrzej, Lena, Leon, Ludomir, Stefan | Andrzeja, Leny, Leona, Ludomira, Stefana
Anastazja, Bartłomiej, Maciej, Marcin, Spycisław, Teodor | Anastazji, Bartłomieja, Macieja, Marcina, Spycisława, Teodora
Cibor, Czcibor, Jonasz, Krystyn, Marcin, Renata, Witold | Cibora, Czcibora, Jonasza, Krystyny, Marcina, Renaty, Witolda
Arkadiusz, Eugeniusz, Jan, Mikołaj, Stanisław | Arkadiusza, Eugeniusza, Jana, Mikołaja, Stanisława
Aga, Agata, Damian, Elżbieta, Emil, Emiliusz, Józef, Judyta Ścibor Ścibora, Wszerad | Agi, Agaty, Damiana, Elżbiety, Emila, Emiliusza, Józefa, Judyty Ścibory, Wszerada
Albert, Alfons, Artur, Gurias, Idalia, Józef, Leopold, Leopoldyna, Przybygniew, Roger | Alberta, Alfonsa, Artura, Guriasa, Idalii, Józefa, Leopolda, Leopoldyny, Przybygniewa, Rogera
Edmund, Marek, Maria, Niedamir, Otomar, Paweł Piotr | Edmunda, Marka, Marii, Niedamira, Otomara, Pawła, Piotra
Grzegorz | Grzegorza
Aniela, Cieszymysł Klaudyna, Roman, Tomasz | Anieli, Cieszymysła, Klaudyny, Romana, Tomasza
Elżbieta, Mironiega, Paweł Seweryn | Elżbiety, Mironiegi, Pawła, Seweryna
Edmund, Feliks, Sędzimir | Edmunda, Feliksa, Sędzimira
Janusz, Konrad, Maria, Piotr, Regina, Rena, Twardosław, Wiesław | Janusza, Konrada, Marii, Piotra, Reginy, Reny, Twardosława, Wiesława
Cecylia, Marek, Wszemiła | Cecylii, Marka, Wszemiły
Adela, Klemens, Przedwoj | Adeli, Klemensa, Przedwoja
Dobrosław, Emilia, Emma, Franciszek, Gerard, Jan, Pęcisław | Dobrosława, Emilii, Emmy, Franciszka, Gerarda, Jana, Pęcisława
Katarzyna, Tęgomir | Katarzyny, Tęgomira
Dobiemiest, Jan, Konrad, Lechosław, Lechosława, Leonard, Sylwester | Dobiemiesta, Jana, Konrada, Lechosławy, Leonarda, Sylwestera
Dominik, Maksymilian, Stojgniew, Walery | Dominika, Maksymiliana, Stojgniewa, Walerego
Gościrad, Grzegorz, Jakub, Lesław, Lesława, Zdzisław | Gościrada, Grzegorza, Jakuba, Lesława, Lesławy, Zdzisława
Błażej, Bolemysł Fryderyk, Przemysł | Błażeja, Bolemysła, Fryderyka, Przemysła
Andrzej, Justyna, Konstanty | Andrzeja, Justyny, Konstantego
Blanka, Długosz, Edmund, Iwa, Natalia, Sobiesława | Blanki, Długosza, Edmunda, Iwy, Natalii, Sobiesławy
Aurelia, Balbina, Bibiana, Budzisław, Budzisława, Ludwina, Paulina, Sulisław, Sylweriusz, Sylwery, Wiktoryn, Zbylut | Aurelii, Balbiny, Bibiany, Budzisławy, Ludwiny, Pauliny, Sulisława, Sylweriusza, Sylwerego, Wiktoryna, Zbyluta
Franciszek, Kasjan, Lucjusz, Unimir | Franciszka, Kasjana, Lucjusza, Unimira
Barbara, Hieronim, Krystian, Piotr | Barbary, Hieronima, Krystiana, Piotra
Gerald, Krystyna, Pęcisława | Geralda, Krystyny, Pęcisławy
Emilian, Jarogniew, Mikołaj | Emiliana, Jarogniewa, Mikołaja
Marcin, Ninomysł | Marcina, Ninomysła
Boguwola, Maria Światozar | Boguwoli, Marii Światozara
Joachim, Wielisława, Wiesław | Joachima, Wielisławy, Wiesława
Andrzej, Daniel, Judyta, Julia, Maria | Andrzeja, Daniela, Judyty, Julii, Marii
Daniela, Julia, Stefan, Waldemar, Wojmir | Danieli, Julii, Stefana, Waldemara, Wojmira
Aleksander, Dagmara | Aleksandra, Dagmary
Lucja, Otylia | Lucji Łucja Łucji, Otylii
Alfred, Izydor, Sławobor | Alfreda, Izydora, Sławobora
Celina, Iga, Ignacy, Krystiana, Nina, Wolimir Żegota | Celiny, Igi, Ignacego, Krystiany, Niny, Wolimira Żegoty
Alina, Zdzisława | Aliny, Zdzisławy
Florian, Jolanta Żyrosław | Floriana, Jolanty Żyrosława
Bogusław, Gracjan, Laurencja, Wszemir | Bogusława, Gracjana, Laurencji, Wszemira
Beniamin, Dariusz, Gabriela, Mścigniew, Tymoteusz | Beniamina, Dariusza, Gabrieli, Mścigniewa, Tymoteusza
Bogumiła, Dominik | Bogumiły, Dominika
Tomasz, Tomisław | Tomasza, Tomisława
Beata, Drogomir, Franciszka, Zenon | Beaty, Drogomira, Franciszki, Zenona
Sławomir, Sławomira, Wiktoria | Sławomiry, Wiktorii
Adam, Adamina, Adela, Ewa, Ewelina, Grzegorz | Adama, Adaminy, Adeli, Ewy, Eweliny, Grzegorza
Anastazja, Eugenia, Piotr | Anastazji, Eugenii, Piotra
Szczepan, Wróciwoj | Szczepana, Wróciwoja
Cezary, Jan, Radomysł | Cezarego, Jana, Radomysła
Antoni, Dobrowiest, Emma | Antoniego, Dobrowiesta, Emmy
Domawit, Dominik, Gosław, Jonatan, Marcin, Tomasz | Domawita, Dominika, Gosława, Jonatana, Marcina, Tomasza
Dawid, Eugeniusz, Katarzyna, Uniedrog | Dawida, Eugeniusza, Katarzyny, Uniedroga
Korneliusz, Melania, Sebastian, Sylwester, Tworzysław | Korneliusza, Melanii, Sebastiana, Sylwestera, Tworzysława
